Word,Level,Category,Source,Audio_Available,Difficulty_Score
bad,Beginning,Adjective,Sound-steps,Yes,1
bat,Beginning,Noun,Sound-steps,Yes,1
bed,Beginning,Noun,Sound-steps,Yes,1
bee,Beginning,Noun,Sound-steps,Yes,1
big,Beginning,Adjective,Sound-steps,Yes,1
bit,Beginning,Noun,Sound-steps,Yes,1
boat,Beginning,Noun,Sound-steps,Yes,1
bun,Beginning,Noun,Sound-steps,Yes,1
cake,Beginning,Noun,Sound-steps,Yes,1
cat,Beginning,Noun,Sound-steps,Yes,1
cup,Beginning,Noun,Sound-steps,Yes,1
cut,Beginning,Verb,Sound-steps,Yes,1
cute,Beginning,Adjective,Sound-steps,Yes,1
dig,Beginning,Verb,Sound-steps,Yes,1
dog,Beginning,Noun,Sound-steps,Yes,1
fan,Beginning,Noun,Sound-steps,Yes,1
feel,Beginning,Verb,Sound-steps,Yes,1
fin,Beginning,Noun,Sound-steps,Yes,1
fish,Beginning,Noun,Sound-steps,Yes,1
five,Beginning,Number,Sound-steps,Yes,1
fun,Beginning,Noun,Sound-steps,Yes,1
game,Beginning,Noun,Sound-steps,Yes,1
gate,Beginning,Noun,Sound-steps,Yes,1
gum,Beginning,Noun,Sound-steps,Yes,1
hat,Beginning,Noun,Sound-steps,Yes,1
hop,Beginning,Verb,Sound-steps,Yes,1
hot,Beginning,Adjective,Sound-steps,Yes,1
jam,Beginning,Noun,Sound-steps,Yes,1
jog,Beginning,Verb,Sound-steps,Yes,1
leg,Beginning,Noun,Sound-steps,Yes,1
log,Beginning,Noun,Sound-steps,Yes,1
mat,Beginning,Noun,Sound-steps,Yes,1
mop,Beginning,Noun,Sound-steps,Yes,1
name,Beginning,Noun,Sound-steps,Yes,1
net,Beginning,Noun,Sound-steps,Yes,1
nose,Beginning,Noun,Sound-steps,Yes,1
pig,Beginning,Noun,Sound-steps,Yes,1
pin,Beginning,Noun,Sound-steps,Yes,1
pop,Beginning,Verb,Sound-steps,Yes,1
rat,Beginning,Noun,Sound-steps,Yes,1
red,Beginning,Adjective,Sound-steps,Yes,1
ride,Beginning,Verb,Sound-steps,Yes,1
road,Beginning,Noun,Sound-steps,Yes,1
rope,Beginning,Noun,Sound-steps,Yes,1
run,Beginning,Verb,Sound-steps,Yes,1
sat,Beginning,Verb,Sound-steps,Yes,1
see,Beginning,Verb,Sound-steps,Yes,1
sit,Beginning,Verb,Sound-steps,Yes,1
sun,Beginning,Noun,Sound-steps,Yes,1
top,Beginning,Noun,Sound-steps,Yes,1
van,Beginning,Noun,Sound-steps,Yes,1
wig,Beginning,Noun,Sound-steps,Yes,1
win,Beginning,Verb,Sound-steps,Yes,1
zoo,Beginning,Noun,Sound-steps,Yes,1
beat,Middle,Verb,Sound-steps,Yes,2
berry,Middle,Noun,Sound-steps,Yes,2
bike,Middle,Noun,Sound-steps,Yes,2
cave,Middle,Noun,Sound-steps,Yes,2
cheap,Middle,Adjective,Sound-steps,Yes,2
chip,Middle,Noun,Sound-steps,Yes,2
cube,Middle,Noun,Sound-steps,Yes,2
fill,Middle,Verb,Sound-steps,Yes,2
fine,Middle,Adjective,Sound-steps,Yes,2
fog,Middle,Noun,Sound-steps,Yes,2
free,Middle,Adjective,Sound-steps,Yes,2
frog,Middle,Noun,Sound-steps,Yes,2
hole,Middle,Noun,Sound-steps,Yes,2
hive,Middle,Noun,Sound-steps,Yes,2
kite,Middle,Noun,Sound-steps,Yes,2
leave,Middle,Verb,Sound-steps,Yes,2
light,Middle,Noun/Adjective,Sound-steps,Yes,2
line,Middle,Noun,Sound-steps,Yes,2
live,Middle,Verb,Sound-steps,Yes,2
load,Middle,Verb,Sound-steps,Yes,2
map,Middle,Noun,Sound-steps,Yes,2
mule,Middle,Noun,Sound-steps,Yes,2
note,Middle,Noun,Sound-steps,Yes,2
plate,Middle,Noun,Sound-steps,Yes,2
rice,Middle,Noun,Sound-steps,Yes,2
right,Middle,Adjective,Sound-steps,Yes,2
rose,Middle,Noun,Sound-steps,Yes,2
seat,Middle,Noun,Sound-steps,Yes,2
sheep,Middle,Noun,Sound-steps,Yes,2
ship,Middle,Noun,Sound-steps,Yes,2
sink,Middle,Noun,Sound-steps,Yes,2
smile,Middle,Verb,Sound-steps,Yes,2
stop,Middle,Verb,Sound-steps,Yes,2
tape,Middle,Noun,Sound-steps,Yes,2
thin,Middle,Adjective,Sound-steps,Yes,2
think,Middle,Verb,Sound-steps,Yes,2
three,Middle,Number,Sound-steps,Yes,2
time,Middle,Noun,Sound-steps,Yes,2
tree,Middle,Noun,Sound-steps,Yes,2
tube,Middle,Noun,Sound-steps,Yes,2
very,Middle,Adverb,Sound-steps,Yes,2
vine,Middle,Noun,Sound-steps,Yes,2
vote,Middle,Verb,Sound-steps,Yes,2
